Suite/Test/Step Name,Browser,Description,Tag,Start time,End time,Duration,Status
CURA_TestSuite_Login_001,Chrome 121.0.6167.139,,,31-01-2024 17:27:26,31-01-2024 17:27:36,9.838s,ERROR
,,,,,,,
Test Cases/TC_CURA_Login_001,Chrome 121.0.6167.139,Validate the CURA Healthcare Service website for successful login,,31-01-2024 17:27:26,31-01-2024 17:27:36,9.706s,ERROR
Start listener action : sampleBeforeTestCase,Chrome 121.0.6167.139,,,31-01-2024 17:27:26,31-01-2024 17:27:35,8.197s,PASSED
Start setup action : setupTestCase,Chrome 121.0.6167.139,,,31-01-2024 17:27:35,31-01-2024 17:27:36,1.150s,PASSED
"setText(findTestObject(""Object Repository/CURA_Pages_OR/Page_CURA Healthcare Service/input_Username_username""), findTestData(""DDT_Test Data/CURA_Login_InternalData"").getValue(""input_Username"", 1))",Chrome 121.0.6167.139,,,31-01-2024 17:27:36,31-01-2024 17:27:36,0.105s,ERROR
Start listener action : sampleAfterTestCase,Chrome 121.0.6167.139,,,31-01-2024 17:27:36,31-01-2024 17:27:36,0.127s,PASSED
