Suite/Test/Step Name,Browser,Description,Tag,Start time,End time,Duration,Status
CURA_TestSuite_Login_001,Chrome 121.0.0.0,,,31-01-2024 17:30:52,31-01-2024 17:31:00,7.985s,ERROR
,,,,,,,
Test Cases/TC_CURA_Login_001,Chrome 121.0.0.0,Validate the CURA Healthcare Service website for successful login,,31-01-2024 17:30:52,31-01-2024 17:31:00,7.853s,ERROR
Start listener action : sampleBeforeTestCase,Chrome 121.0.0.0,,,31-01-2024 17:30:52,31-01-2024 17:30:59,6.664s,PASSED
Start setup action : setupTestCase,Chrome 121.0.0.0,,,31-01-2024 17:30:59,31-01-2024 17:31:00,0.889s,PASSED
"setText(findTestObject(""Object Repository/CURA_Pages_OR/Page_CURA Healthcare Service/input_Username_username""), findTestData(""DDT_Test Data/CURA_Login_InternalData"").getValue(""input_Username"", 1))",Chrome 121.0.0.0,,,31-01-2024 17:31:00,31-01-2024 17:31:00,0.053s,ERROR
Start listener action : sampleAfterTestCase,Chrome 121.0.0.0,,,31-01-2024 17:31:00,31-01-2024 17:31:00,0.132s,PASSED
